Timestep,Average Total Reward,Average Suboptimal Arms,Average Regret,Average Zeros Count,Average Ones Count
2,1.77,0.0,0.0,1.0,0.23
3,2.66,0.0,0.0,1.0,0.06
100,86.41,39.49,3.9490000000000034,0.0,0.0
200,175.34,46.15,4.615000000000006,0.0,0.0
2000,1776.04,221.0,22.09999999999996,0.0,0.0
