Timestep,Average Total Reward,Average Suboptimal Arms,Average Regret,Average Zeros Count,Average Ones Count
2,1.76,0.0,0.0,0.24,1.76
3,5.14,3.0,0.3000000000000005,0.86,5.14
100,161.46,95.0,9.5,28.54,161.46
200,459.13,270.0,27.0,80.87,459.13
2000,2359.38,1220.09,122.00900000000006,398.52,2359.38
