Timestep,Value_at_Risk
2,0.1
3,0.1
100,5.0
200,10.7
2000,70.78
10000,154.76999999999998
20000,193.32
40000,227.27499999999998
60000,252.73999999999998
80000,270.995
100000,289.09
