Timestep,Value_at_Risk
2,0.1
3,0.2
100,5.005
200,9.6
2000,46.019999999999996
10000,74.5
20000,88.015
40000,96.215
60000,103.535
80000,106.73
100000,111.48999999999998
