Timestep,Value_at_Risk
2,0.1
3,0.1
100,5.0
200,9.6
2000,55.83
10000,90.18
20000,97.23
40000,103.61999999999999
60000,107.50000000000001
80000,108.73
100000,109.88000000000001
