Timestep,Value_at_Risk
2,0.1
3,0.2
100,5.109999999999999
200,9.305
2000,31.34499999999999
10000,44.41499999999999
20000,48.05
40000,52.66
60000,55.19
80000,55.19
100000,55.19
